Timestamp,Device ID,Channel,Sensor Name,Sensor ID,Data Type,Unit,Value
2022-06-03T20:24:33.367Z,251af5a0-ce1d-11ec-9f5b-45181495093e,100,RSSI,19bd9b80-d300-11ec-8da3-474359af83d7,rssi,dbm,-119
2022-06-03T20:24:33.367Z,251af5a0-ce1d-11ec-9f5b-45181495093e,1,GPS (1),19b29f00-d300-11ec-9f5b-45181495093e,motion,d,241
2022-06-03T20:24:33.367Z,251af5a0-ce1d-11ec-9f5b-45181495093e,101,SNR,19cdef30-d300-11ec-8da3-474359af83d7,snr,db,-12.5
2022-06-03T20:24:28.520Z,251af5a0-ce1d-11ec-9f5b-45181495093e,100,RSSI,19bd9b80-d300-11ec-8da3-474359af83d7,rssi,dbm,-109
2022-06-03T20:24:28.520Z,251af5a0-ce1d-11ec-9f5b-45181495093e,1,GPS (1),19b29f00-d300-11ec-9f5b-45181495093e,motion,d,240
2022-06-03T20:24:28.520Z,251af5a0-ce1d-11ec-9f5b-45181495093e,101,SNR,19cdef30-d300-11ec-8da3-474359af83d7,snr,db,-1
2022-06-03T20:23:43.429Z,251af5a0-ce1d-11ec-9f5b-45181495093e,1,GPS (1),19b29f00-d300-11ec-9f5b-45181495093e,motion,d,231
2022-06-03T20:23:43.429Z,251af5a0-ce1d-11ec-9f5b-45181495093e,100,RSSI,19bd9b80-d300-11ec-8da3-474359af83d7,rssi,dbm,-113
2022-06-03T20:23:43.429Z,251af5a0-ce1d-11ec-9f5b-45181495093e,101,SNR,19cdef30-d300-11ec-8da3-474359af83d7,snr,db,-7
2022-06-03T20:23:23.364Z,251af5a0-ce1d-11ec-9f5b-45181495093e,1,GPS (1),19b29f00-d300-11ec-9f5b-45181495093e,motion,d,227
2022-06-03T20:23:23.364Z,251af5a0-ce1d-11ec-9f5b-45181495093e,101,SNR,19cdef30-d300-11ec-8da3-474359af83d7,snr,db,-9.5
2022-06-03T20:23:23.364Z,251af5a0-ce1d-11ec-9f5b-45181495093e,100,RSSI,19bd9b80-d300-11ec-8da3-474359af83d7,rssi,dbm,-118
2022-06-03T20:23:13.368Z,251af5a0-ce1d-11ec-9f5b-45181495093e,100,RSSI,19bd9b80-d300-11ec-8da3-474359af83d7,rssi,dbm,-88
2022-06-03T20:23:13.368Z,251af5a0-ce1d-11ec-9f5b-45181495093e,101,SNR,19cdef30-d300-11ec-8da3-474359af83d7,snr,db,-1.5
2022-06-03T20:23:13.368Z,251af5a0-ce1d-11ec-9f5b-45181495093e,1,GPS (1),19b29f00-d300-11ec-9f5b-45181495093e,motion,d,225
2022-06-03T20:23:08.219Z,251af5a0-ce1d-11ec-9f5b-45181495093e,1,GPS (1),19b29f00-d300-11ec-9f5b-45181495093e,motion,d,224
2022-06-03T20:23:08.219Z,251af5a0-ce1d-11ec-9f5b-45181495093e,100,RSSI,19bd9b80-d300-11ec-8da3-474359af83d7,rssi,dbm,-101
2022-06-03T20:23:08.219Z,251af5a0-ce1d-11ec-9f5b-45181495093e,101,SNR,19cdef30-d300-11ec-8da3-474359af83d7,snr,db,-1
2022-06-03T20:22:23.169Z,251af5a0-ce1d-11ec-9f5b-45181495093e,1,GPS (1),19b29f00-d300-11ec-9f5b-45181495093e,motion,d,215
2022-06-03T20:22:23.169Z,251af5a0-ce1d-11ec-9f5b-45181495093e,101,SNR,19cdef30-d300-11ec-8da3-474359af83d7,snr,db,-14.5
2022-06-03T20:22:23.169Z,251af5a0-ce1d-11ec-9f5b-45181495093e,100,RSSI,19bd9b80-d300-11ec-8da3-474359af83d7,rssi,dbm,-105
2022-06-03T20:21:38.672Z,251af5a0-ce1d-11ec-9f5b-45181495093e,100,RSSI,19bd9b80-d300-11ec-8da3-474359af83d7,rssi,dbm,-98
2022-06-03T20:21:38.672Z,251af5a0-ce1d-11ec-9f5b-45181495093e,101,SNR,19cdef30-d300-11ec-8da3-474359af83d7,snr,db,-7.199999809265137
2022-06-03T20:21:38.672Z,251af5a0-ce1d-11ec-9f5b-45181495093e,1,GPS (1),19b29f00-d300-11ec-9f5b-45181495093e,motion,d,206
2022-06-03T20:19:43.186Z,251af5a0-ce1d-11ec-9f5b-45181495093e,1,GPS (1),19b29f00-d300-11ec-9f5b-45181495093e,motion,d,183
2022-06-03T20:19:43.186Z,251af5a0-ce1d-11ec-9f5b-45181495093e,100,RSSI,19bd9b80-d300-11ec-8da3-474359af83d7,rssi,dbm,-128
2022-06-03T20:19:43.186Z,251af5a0-ce1d-11ec-9f5b-45181495093e,101,SNR,19cdef30-d300-11ec-8da3-474359af83d7,snr,db,-17.5
2022-06-03T20:18:53.124Z,251af5a0-ce1d-11ec-9f5b-45181495093e,100,RSSI,19bd9b80-d300-11ec-8da3-474359af83d7,rssi,dbm,-122
2022-06-03T20:18:53.124Z,251af5a0-ce1d-11ec-9f5b-45181495093e,101,SNR,19cdef30-d300-11ec-8da3-474359af83d7,snr,db,-9.5
2022-06-03T20:18:53.124Z,251af5a0-ce1d-11ec-9f5b-45181495093e,1,GPS (1),19b29f00-d300-11ec-9f5b-45181495093e,motion,d,173
2022-06-03T20:18:23.183Z,251af5a0-ce1d-11ec-9f5b-45181495093e,100,RSSI,19bd9b80-d300-11ec-8da3-474359af83d7,rssi,dbm,-120
2022-06-03T20:18:23.183Z,251af5a0-ce1d-11ec-9f5b-45181495093e,1,GPS (1),19b29f00-d300-11ec-9f5b-45181495093e,motion,d,167
2022-06-03T20:18:23.183Z,251af5a0-ce1d-11ec-9f5b-45181495093e,101,SNR,19cdef30-d300-11ec-8da3-474359af83d7,snr,db,-14.199999809265137
2022-06-03T20:18:03.326Z,251af5a0-ce1d-11ec-9f5b-45181495093e,100,RSSI,19bd9b80-d300-11ec-8da3-474359af83d7,rssi,dbm,-116
2022-06-03T20:18:03.326Z,251af5a0-ce1d-11ec-9f5b-45181495093e,101,SNR,19cdef30-d300-11ec-8da3-474359af83d7,snr,db,-5.800000190734863
2022-06-03T20:18:03.326Z,251af5a0-ce1d-11ec-9f5b-45181495093e,1,GPS (1),19b29f00-d300-11ec-9f5b-45181495093e,motion,d,163
2022-06-03T20:17:48.912Z,251af5a0-ce1d-11ec-9f5b-45181495093e,101,SNR,19cdef30-d300-11ec-8da3-474359af83d7,snr,db,10.5
2022-06-03T20:17:48.912Z,251af5a0-ce1d-11ec-9f5b-45181495093e,1,GPS (1),19b29f00-d300-11ec-9f5b-45181495093e,motion,d,160
2022-06-03T20:17:48.912Z,251af5a0-ce1d-11ec-9f5b-45181495093e,100,RSSI,19bd9b80-d300-11ec-8da3-474359af83d7,rssi,dbm,-78
2022-06-03T20:17:38.261Z,251af5a0-ce1d-11ec-9f5b-45181495093e,100,RSSI,19bd9b80-d300-11ec-8da3-474359af83d7,rssi,dbm,-108
2022-06-03T20:17:38.261Z,251af5a0-ce1d-11ec-9f5b-45181495093e,1,GPS (1),19b29f00-d300-11ec-9f5b-45181495093e,motion,d,158
2022-06-03T20:17:38.261Z,251af5a0-ce1d-11ec-9f5b-45181495093e,101,SNR,19cdef30-d300-11ec-8da3-474359af83d7,snr,db,3
2022-06-03T20:16:32.868Z,251af5a0-ce1d-11ec-9f5b-45181495093e,101,SNR,19cdef30-d300-11ec-8da3-474359af83d7,snr,db,-17.5
2022-06-03T20:16:32.868Z,251af5a0-ce1d-11ec-9f5b-45181495093e,1,GPS (1),19b29f00-d300-11ec-9f5b-45181495093e,motion,d,145
2022-06-03T20:16:32.868Z,251af5a0-ce1d-11ec-9f5b-45181495093e,100,RSSI,19bd9b80-d300-11ec-8da3-474359af83d7,rssi,dbm,-124
2022-06-03T20:16:03.281Z,251af5a0-ce1d-11ec-9f5b-45181495093e,100,RSSI,19bd9b80-d300-11ec-8da3-474359af83d7,rssi,dbm,-118
2022-06-03T20:16:03.281Z,251af5a0-ce1d-11ec-9f5b-45181495093e,101,SNR,19cdef30-d300-11ec-8da3-474359af83d7,snr,db,-14.5
2022-06-03T20:16:03.281Z,251af5a0-ce1d-11ec-9f5b-45181495093e,1,GPS (1),19b29f00-d300-11ec-9f5b-45181495093e,motion,d,139
2022-06-03T20:13:47.719Z,251af5a0-ce1d-11ec-9f5b-45181495093e,100,RSSI,19bd9b80-d300-11ec-8da3-474359af83d7,rssi,dbm,-116
2022-06-03T20:13:47.719Z,251af5a0-ce1d-11ec-9f5b-45181495093e,1,GPS (1),19b29f00-d300-11ec-9f5b-45181495093e,motion,d,112
2022-06-03T20:13:47.719Z,251af5a0-ce1d-11ec-9f5b-45181495093e,101,SNR,19cdef30-d300-11ec-8da3-474359af83d7,snr,db,-5.5
2022-06-03T20:13:27.655Z,251af5a0-ce1d-11ec-9f5b-45181495093e,100,RSSI,19bd9b80-d300-11ec-8da3-474359af83d7,rssi,dbm,-116
2022-06-03T20:13:27.655Z,251af5a0-ce1d-11ec-9f5b-45181495093e,1,GPS (1),19b29f00-d300-11ec-9f5b-45181495093e,motion,d,108
2022-06-03T20:13:27.655Z,251af5a0-ce1d-11ec-9f5b-45181495093e,101,SNR,19cdef30-d300-11ec-8da3-474359af83d7,snr,db,-10.199999809265137
2022-06-03T20:13:17.758Z,251af5a0-ce1d-11ec-9f5b-45181495093e,100,RSSI,19bd9b80-d300-11ec-8da3-474359af83d7,rssi,dbm,-112
2022-06-03T20:13:17.758Z,251af5a0-ce1d-11ec-9f5b-45181495093e,101,SNR,19cdef30-d300-11ec-8da3-474359af83d7,snr,db,-7.800000190734863
2022-06-03T20:13:17.758Z,251af5a0-ce1d-11ec-9f5b-45181495093e,1,GPS (1),19b29f00-d300-11ec-9f5b-45181495093e,motion,d,106
2022-06-03T20:12:28.278Z,251af5a0-ce1d-11ec-9f5b-45181495093e,100,RSSI,19bd9b80-d300-11ec-8da3-474359af83d7,rssi,dbm,-119
2022-06-03T20:12:28.278Z,251af5a0-ce1d-11ec-9f5b-45181495093e,101,SNR,19cdef30-d300-11ec-8da3-474359af83d7,snr,db,-12.800000190734863
2022-06-03T20:12:28.278Z,251af5a0-ce1d-11ec-9f5b-45181495093e,1,GPS (1),19b29f00-d300-11ec-9f5b-45181495093e,motion,d,96
2022-06-03T20:11:17.468Z,251af5a0-ce1d-11ec-9f5b-45181495093e,100,RSSI,19bd9b80-d300-11ec-8da3-474359af83d7,rssi,dbm,-116
2022-06-03T20:11:17.468Z,251af5a0-ce1d-11ec-9f5b-45181495093e,1,GPS (1),19b29f00-d300-11ec-9f5b-45181495093e,motion,d,82
2022-06-03T20:11:17.468Z,251af5a0-ce1d-11ec-9f5b-45181495093e,101,SNR,19cdef30-d300-11ec-8da3-474359af83d7,snr,db,-8
2022-06-03T20:10:42.492Z,251af5a0-ce1d-11ec-9f5b-45181495093e,100,RSSI,19bd9b80-d300-11ec-8da3-474359af83d7,rssi,dbm,-124
2022-06-03T20:10:42.492Z,251af5a0-ce1d-11ec-9f5b-45181495093e,101,SNR,19cdef30-d300-11ec-8da3-474359af83d7,snr,db,-15
2022-06-03T20:10:42.492Z,251af5a0-ce1d-11ec-9f5b-45181495093e,1,GPS (1),19b29f00-d300-11ec-9f5b-45181495093e,motion,d,75
2022-06-03T20:10:27.756Z,251af5a0-ce1d-11ec-9f5b-45181495093e,100,RSSI,19bd9b80-d300-11ec-8da3-474359af83d7,rssi,dbm,-116
2022-06-03T20:10:27.756Z,251af5a0-ce1d-11ec-9f5b-45181495093e,1,GPS (1),19b29f00-d300-11ec-9f5b-45181495093e,motion,d,72
2022-06-03T20:10:27.756Z,251af5a0-ce1d-11ec-9f5b-45181495093e,101,SNR,19cdef30-d300-11ec-8da3-474359af83d7,snr,db,-16
2022-06-03T20:10:17.805Z,251af5a0-ce1d-11ec-9f5b-45181495093e,100,RSSI,19bd9b80-d300-11ec-8da3-474359af83d7,rssi,dbm,-119
2022-06-03T20:10:17.805Z,251af5a0-ce1d-11ec-9f5b-45181495093e,101,SNR,19cdef30-d300-11ec-8da3-474359af83d7,snr,db,-6
2022-06-03T20:10:17.805Z,251af5a0-ce1d-11ec-9f5b-45181495093e,1,GPS (1),19b29f00-d300-11ec-9f5b-45181495093e,motion,d,70
2022-06-03T20:08:52.603Z,251af5a0-ce1d-11ec-9f5b-45181495093e,100,RSSI,19bd9b80-d300-11ec-8da3-474359af83d7,rssi,dbm,-102
2022-06-03T20:08:52.603Z,251af5a0-ce1d-11ec-9f5b-45181495093e,101,SNR,19cdef30-d300-11ec-8da3-474359af83d7,snr,db,-2.200000047683716
2022-06-03T20:08:52.603Z,251af5a0-ce1d-11ec-9f5b-45181495093e,1,GPS (1),19b29f00-d300-11ec-9f5b-45181495093e,motion,d,53
2022-06-03T20:08:12.427Z,251af5a0-ce1d-11ec-9f5b-45181495093e,100,RSSI,19bd9b80-d300-11ec-8da3-474359af83d7,rssi,dbm,-99
2022-06-03T20:08:12.427Z,251af5a0-ce1d-11ec-9f5b-45181495093e,1,GPS (1),19b29f00-d300-11ec-9f5b-45181495093e,motion,d,45
2022-06-03T20:08:12.427Z,251af5a0-ce1d-11ec-9f5b-45181495093e,101,SNR,19cdef30-d300-11ec-8da3-474359af83d7,snr,db,0.5
2022-06-03T20:07:17.376Z,251af5a0-ce1d-11ec-9f5b-45181495093e,101,SNR,19cdef30-d300-11ec-8da3-474359af83d7,snr,db,-6
2022-06-03T20:07:17.376Z,251af5a0-ce1d-11ec-9f5b-45181495093e,100,RSSI,19bd9b80-d300-11ec-8da3-474359af83d7,rssi,dbm,-106
2022-06-03T20:07:17.376Z,251af5a0-ce1d-11ec-9f5b-45181495093e,1,GPS (1),19b29f00-d300-11ec-9f5b-45181495093e,motion,d,34
2022-06-03T20:07:07.340Z,251af5a0-ce1d-11ec-9f5b-45181495093e,1,GPS (1),19b29f00-d300-11ec-9f5b-45181495093e,motion,d,32
2022-06-03T20:07:07.340Z,251af5a0-ce1d-11ec-9f5b-45181495093e,100,RSSI,19bd9b80-d300-11ec-8da3-474359af83d7,rssi,dbm,-105
2022-06-03T20:07:07.340Z,251af5a0-ce1d-11ec-9f5b-45181495093e,101,SNR,19cdef30-d300-11ec-8da3-474359af83d7,snr,db,-2.5
2022-06-03T20:06:12.356Z,251af5a0-ce1d-11ec-9f5b-45181495093e,100,RSSI,19bd9b80-d300-11ec-8da3-474359af83d7,rssi,dbm,-87
2022-06-03T20:06:12.356Z,251af5a0-ce1d-11ec-9f5b-45181495093e,101,SNR,19cdef30-d300-11ec-8da3-474359af83d7,snr,db,1.7999999523162842
2022-06-03T20:06:12.356Z,251af5a0-ce1d-11ec-9f5b-45181495093e,1,GPS (1),19b29f00-d300-11ec-9f5b-45181495093e,motion,d,21
2022-06-03T20:05:57.694Z,251af5a0-ce1d-11ec-9f5b-45181495093e,101,SNR,19cdef30-d300-11ec-8da3-474359af83d7,snr,db,-15
2022-06-03T20:05:57.694Z,251af5a0-ce1d-11ec-9f5b-45181495093e,100,RSSI,19bd9b80-d300-11ec-8da3-474359af83d7,rssi,dbm,-118
2022-06-03T20:05:57.694Z,251af5a0-ce1d-11ec-9f5b-45181495093e,1,GPS (1),19b29f00-d300-11ec-9f5b-45181495093e,motion,d,18
2022-06-03T20:05:22.279Z,251af5a0-ce1d-11ec-9f5b-45181495093e,100,RSSI,19bd9b80-d300-11ec-8da3-474359af83d7,rssi,dbm,-122
2022-06-03T20:05:22.279Z,251af5a0-ce1d-11ec-9f5b-45181495093e,101,SNR,19cdef30-d300-11ec-8da3-474359af83d7,snr,db,-8.5
2022-06-03T20:05:22.279Z,251af5a0-ce1d-11ec-9f5b-45181495093e,1,GPS (1),19b29f00-d300-11ec-9f5b-45181495093e,motion,d,11
2022-06-03T20:05:12.564Z,251af5a0-ce1d-11ec-9f5b-45181495093e,100,RSSI,19bd9b80-d300-11ec-8da3-474359af83d7,rssi,dbm,-115
2022-06-03T20:05:12.564Z,251af5a0-ce1d-11ec-9f5b-45181495093e,101,SNR,19cdef30-d300-11ec-8da3-474359af83d7,snr,db,-9.300000190734863
2022-06-03T20:05:12.564Z,251af5a0-ce1d-11ec-9f5b-45181495093e,1,GPS (1),19b29f00-d300-11ec-9f5b-45181495093e,motion,d,9
2022-06-03T20:03:22.055Z,251af5a0-ce1d-11ec-9f5b-45181495093e,101,SNR,19cdef30-d300-11ec-8da3-474359af83d7,snr,db,-9.199999809265137
2022-06-03T20:03:22.055Z,251af5a0-ce1d-11ec-9f5b-45181495093e,100,RSSI,19bd9b80-d300-11ec-8da3-474359af83d7,rssi,dbm,-118
2022-06-03T20:03:22.055Z,251af5a0-ce1d-11ec-9f5b-45181495093e,1,GPS (1),19b29f00-d300-11ec-9f5b-45181495093e,motion,d,243
2022-06-03T20:02:57.173Z,251af5a0-ce1d-11ec-9f5b-45181495093e,101,SNR,19cdef30-d300-11ec-8da3-474359af83d7,snr,db,-8.5
2022-06-03T20:02:57.173Z,251af5a0-ce1d-11ec-9f5b-45181495093e,1,GPS (1),19b29f00-d300-11ec-9f5b-45181495093e,motion,d,238
2022-06-03T20:02:57.173Z,251af5a0-ce1d-11ec-9f5b-45181495093e,100,RSSI,19bd9b80-d300-11ec-8da3-474359af83d7,rssi,dbm,-121
2022-06-03T20:02:47.119Z,251af5a0-ce1d-11ec-9f5b-45181495093e,100,RSSI,19bd9b80-d300-11ec-8da3-474359af83d7,rssi,dbm,-113
2022-06-03T20:02:47.119Z,251af5a0-ce1d-11ec-9f5b-45181495093e,101,SNR,19cdef30-d300-11ec-8da3-474359af83d7,snr,db,-2.5
2022-06-03T20:02:47.119Z,251af5a0-ce1d-11ec-9f5b-45181495093e,1,GPS (1),19b29f00-d300-11ec-9f5b-45181495093e,motion,d,236
2022-06-03T20:02:17.110Z,251af5a0-ce1d-11ec-9f5b-45181495093e,1,GPS (1),19b29f00-d300-11ec-9f5b-45181495093e,motion,d,230
2022-06-03T20:02:17.110Z,251af5a0-ce1d-11ec-9f5b-45181495093e,100,RSSI,19bd9b80-d300-11ec-8da3-474359af83d7,rssi,dbm,-124
2022-06-03T20:02:17.110Z,251af5a0-ce1d-11ec-9f5b-45181495093e,101,SNR,19cdef30-d300-11ec-8da3-474359af83d7,snr,db,-9.5
2022-06-03T20:01:46.969Z,251af5a0-ce1d-11ec-9f5b-45181495093e,101,SNR,19cdef30-d300-11ec-8da3-474359af83d7,snr,db,-5.199999809265137
2022-06-03T20:01:46.969Z,251af5a0-ce1d-11ec-9f5b-45181495093e,100,RSSI,19bd9b80-d300-11ec-8da3-474359af83d7,rssi,dbm,-109
2022-06-03T20:01:46.969Z,251af5a0-ce1d-11ec-9f5b-45181495093e,1,GPS (1),19b29f00-d300-11ec-9f5b-45181495093e,motion,d,224
2022-06-03T20:01:42.303Z,251af5a0-ce1d-11ec-9f5b-45181495093e,100,RSSI,19bd9b80-d300-11ec-8da3-474359af83d7,rssi,dbm,-103
2022-06-03T20:01:42.303Z,251af5a0-ce1d-11ec-9f5b-45181495093e,101,SNR,19cdef30-d300-11ec-8da3-474359af83d7,snr,db,1.5
2022-06-03T20:01:42.303Z,251af5a0-ce1d-11ec-9f5b-45181495093e,1,GPS (1),19b29f00-d300-11ec-9f5b-45181495093e,motion,d,223
2022-06-03T20:00:01.877Z,251af5a0-ce1d-11ec-9f5b-45181495093e,101,SNR,19cdef30-d300-11ec-8da3-474359af83d7,snr,db,-6
2022-06-03T20:00:01.877Z,251af5a0-ce1d-11ec-9f5b-45181495093e,1,GPS (1),19b29f00-d300-11ec-9f5b-45181495093e,motion,d,203
2022-06-03T20:00:01.877Z,251af5a0-ce1d-11ec-9f5b-45181495093e,100,RSSI,19bd9b80-d300-11ec-8da3-474359af83d7,rssi,dbm,-110
2022-06-03T19:59:31.749Z,251af5a0-ce1d-11ec-9f5b-45181495093e,100,RSSI,19bd9b80-d300-11ec-8da3-474359af83d7,rssi,dbm,-111
2022-06-03T19:59:31.749Z,251af5a0-ce1d-11ec-9f5b-45181495093e,101,SNR,19cdef30-d300-11ec-8da3-474359af83d7,snr,db,-2.799999952316284
2022-06-03T19:59:31.749Z,251af5a0-ce1d-11ec-9f5b-45181495093e,1,GPS (1),19b29f00-d300-11ec-9f5b-45181495093e,motion,d,197
2022-06-03T19:58:31.643Z,251af5a0-ce1d-11ec-9f5b-45181495093e,100,RSSI,19bd9b80-d300-11ec-8da3-474359af83d7,rssi,dbm,-118
2022-06-03T19:58:31.643Z,251af5a0-ce1d-11ec-9f5b-45181495093e,1,GPS (1),19b29f00-d300-11ec-9f5b-45181495093e,motion,d,185
2022-06-03T19:58:31.643Z,251af5a0-ce1d-11ec-9f5b-45181495093e,101,SNR,19cdef30-d300-11ec-8da3-474359af83d7,snr,db,-13.5
2022-06-03T19:58:16.707Z,251af5a0-ce1d-11ec-9f5b-45181495093e,100,RSSI,19bd9b80-d300-11ec-8da3-474359af83d7,rssi,dbm,-112
2022-06-03T19:58:16.707Z,251af5a0-ce1d-11ec-9f5b-45181495093e,1,GPS (1),19b29f00-d300-11ec-9f5b-45181495093e,motion,d,182
2022-06-03T19:58:16.707Z,251af5a0-ce1d-11ec-9f5b-45181495093e,101,SNR,19cdef30-d300-11ec-8da3-474359af83d7,snr,db,-10.300000190734863
2022-06-03T19:58:12.078Z,251af5a0-ce1d-11ec-9f5b-45181495093e,101,SNR,19cdef30-d300-11ec-8da3-474359af83d7,snr,db,0.5
2022-06-03T19:58:12.078Z,251af5a0-ce1d-11ec-9f5b-45181495093e,100,RSSI,19bd9b80-d300-11ec-8da3-474359af83d7,rssi,dbm,-96
2022-06-03T19:58:12.078Z,251af5a0-ce1d-11ec-9f5b-45181495093e,1,GPS (1),19b29f00-d300-11ec-9f5b-45181495093e,motion,d,181
2022-06-03T19:57:56.943Z,251af5a0-ce1d-11ec-9f5b-45181495093e,1,GPS (1),19b29f00-d300-11ec-9f5b-45181495093e,motion,d,178
2022-06-03T19:57:56.943Z,251af5a0-ce1d-11ec-9f5b-45181495093e,100,RSSI,19bd9b80-d300-11ec-8da3-474359af83d7,rssi,dbm,-108
2022-06-03T19:57:56.943Z,251af5a0-ce1d-11ec-9f5b-45181495093e,101,SNR,19cdef30-d300-11ec-8da3-474359af83d7,snr,db,-8.5
2022-06-03T19:56:26.993Z,251af5a0-ce1d-11ec-9f5b-45181495093e,1,GPS (1),19b29f00-d300-11ec-9f5b-45181495093e,motion,d,160
2022-06-03T19:56:26.993Z,251af5a0-ce1d-11ec-9f5b-45181495093e,101,SNR,19cdef30-d300-11ec-8da3-474359af83d7,snr,db,-1
2022-06-03T19:56:26.993Z,251af5a0-ce1d-11ec-9f5b-45181495093e,100,RSSI,19bd9b80-d300-11ec-8da3-474359af83d7,rssi,dbm,-91
2022-06-03T19:55:39.925Z,251af5a0-ce1d-11ec-9f5b-45181495093e,100,RSSI,19bd9b80-d300-11ec-8da3-474359af83d7,rssi,dbm,-91
2022-06-03T19:55:39.925Z,251af5a0-ce1d-11ec-9f5b-45181495093e,101,SNR,19cdef30-d300-11ec-8da3-474359af83d7,snr,db,-1
2022-06-03T19:55:39.925Z,251af5a0-ce1d-11ec-9f5b-45181495093e,1,GPS (1),19b29f00-d300-11ec-9f5b-45181495093e,motion,d,151
2022-06-03T19:55:35.132Z,251af5a0-ce1d-11ec-9f5b-45181495093e,1,GPS (1),19b29f00-d300-11ec-9f5b-45181495093e,motion,d,150
2022-06-03T19:55:35.132Z,251af5a0-ce1d-11ec-9f5b-45181495093e,100,RSSI,19bd9b80-d300-11ec-8da3-474359af83d7,rssi,dbm,-122
2022-06-03T19:55:35.132Z,251af5a0-ce1d-11ec-9f5b-45181495093e,101,SNR,19cdef30-d300-11ec-8da3-474359af83d7,snr,db,-11.199999809265137
2022-06-03T19:53:50.279Z,251af5a0-ce1d-11ec-9f5b-45181495093e,100,RSSI,19bd9b80-d300-11ec-8da3-474359af83d7,rssi,dbm,-97
2022-06-03T19:53:50.279Z,251af5a0-ce1d-11ec-9f5b-45181495093e,101,SNR,19cdef30-d300-11ec-8da3-474359af83d7,snr,db,0.5
2022-06-03T19:53:50.279Z,251af5a0-ce1d-11ec-9f5b-45181495093e,1,GPS (1),19b29f00-d300-11ec-9f5b-45181495093e,motion,d,129
2022-06-03T19:53:14.926Z,251af5a0-ce1d-11ec-9f5b-45181495093e,100,RSSI,19bd9b80-d300-11ec-8da3-474359af83d7,rssi,dbm,-108
2022-06-03T19:53:14.926Z,251af5a0-ce1d-11ec-9f5b-45181495093e,1,GPS (1),19b29f00-d300-11ec-9f5b-45181495093e,motion,d,122
2022-06-03T19:53:14.926Z,251af5a0-ce1d-11ec-9f5b-45181495093e,101,SNR,19cdef30-d300-11ec-8da3-474359af83d7,snr,db,-5
2022-06-03T19:52:29.600Z,251af5a0-ce1d-11ec-9f5b-45181495093e,100,RSSI,19bd9b80-d300-11ec-8da3-474359af83d7,rssi,dbm,-96
2022-06-03T19:52:29.600Z,251af5a0-ce1d-11ec-9f5b-45181495093e,101,SNR,19cdef30-d300-11ec-8da3-474359af83d7,snr,db,0.800000011920929
2022-06-03T19:52:29.600Z,251af5a0-ce1d-11ec-9f5b-45181495093e,1,GPS (1),19b29f00-d300-11ec-9f5b-45181495093e,motion,d,113
2022-06-03T19:51:44.610Z,251af5a0-ce1d-11ec-9f5b-45181495093e,100,RSSI,19bd9b80-d300-11ec-8da3-474359af83d7,rssi,dbm,-101
2022-06-03T19:51:44.610Z,251af5a0-ce1d-11ec-9f5b-45181495093e,1,GPS (1),19b29f00-d300-11ec-9f5b-45181495093e,motion,d,104
2022-06-03T19:51:44.610Z,251af5a0-ce1d-11ec-9f5b-45181495093e,101,SNR,19cdef30-d300-11ec-8da3-474359af83d7,snr,db,-6.199999809265137
2022-06-03T19:51:34.533Z,251af5a0-ce1d-11ec-9f5b-45181495093e,100,RSSI,19bd9b80-d300-11ec-8da3-474359af83d7,rssi,dbm,-128
2022-06-03T19:51:34.533Z,251af5a0-ce1d-11ec-9f5b-45181495093e,101,SNR,19cdef30-d300-11ec-8da3-474359af83d7,snr,db,-18
2022-06-03T19:51:34.533Z,251af5a0-ce1d-11ec-9f5b-45181495093e,1,GPS (1),19b29f00-d300-11ec-9f5b-45181495093e,motion,d,102
2022-06-03T19:51:04.419Z,251af5a0-ce1d-11ec-9f5b-45181495093e,100,RSSI,19bd9b80-d300-11ec-8da3-474359af83d7,rssi,dbm,-115
2022-06-03T19:51:04.419Z,251af5a0-ce1d-11ec-9f5b-45181495093e,101,SNR,19cdef30-d300-11ec-8da3-474359af83d7,snr,db,-4.5
2022-06-03T19:51:04.419Z,251af5a0-ce1d-11ec-9f5b-45181495093e,1,GPS (1),19b29f00-d300-11ec-9f5b-45181495093e,motion,d,96
2022-06-03T19:50:44.507Z,251af5a0-ce1d-11ec-9f5b-45181495093e,100,RSSI,19bd9b80-d300-11ec-8da3-474359af83d7,rssi,dbm,-103
2022-06-03T19:50:44.507Z,251af5a0-ce1d-11ec-9f5b-45181495093e,101,SNR,19cdef30-d300-11ec-8da3-474359af83d7,snr,db,-8
2022-06-03T19:50:44.507Z,251af5a0-ce1d-11ec-9f5b-45181495093e,1,GPS (1),19b29f00-d300-11ec-9f5b-45181495093e,motion,d,92
2022-06-03T19:49:44.434Z,251af5a0-ce1d-11ec-9f5b-45181495093e,100,RSSI,19bd9b80-d300-11ec-8da3-474359af83d7,rssi,dbm,-90
2022-06-03T19:49:44.434Z,251af5a0-ce1d-11ec-9f5b-45181495093e,101,SNR,19cdef30-d300-11ec-8da3-474359af83d7,snr,db,3
2022-06-03T19:49:44.434Z,251af5a0-ce1d-11ec-9f5b-45181495093e,1,GPS (1),19b29f00-d300-11ec-9f5b-45181495093e,motion,d,80
2022-06-03T19:49:24.823Z,251af5a0-ce1d-11ec-9f5b-45181495093e,1,GPS (1),19b29f00-d300-11ec-9f5b-45181495093e,motion,d,76
2022-06-03T19:49:24.823Z,251af5a0-ce1d-11ec-9f5b-45181495093e,101,SNR,19cdef30-d300-11ec-8da3-474359af83d7,snr,db,-7.5
2022-06-03T19:49:24.823Z,251af5a0-ce1d-11ec-9f5b-45181495093e,100,RSSI,19bd9b80-d300-11ec-8da3-474359af83d7,rssi,dbm,-105
2022-06-03T19:47:54.377Z,251af5a0-ce1d-11ec-9f5b-45181495093e,1,GPS (1),19b29f00-d300-11ec-9f5b-45181495093e,motion,d,58
2022-06-03T19:47:54.377Z,251af5a0-ce1d-11ec-9f5b-45181495093e,100,RSSI,19bd9b80-d300-11ec-8da3-474359af83d7,rssi,dbm,-118
2022-06-03T19:47:54.377Z,251af5a0-ce1d-11ec-9f5b-45181495093e,101,SNR,19cdef30-d300-11ec-8da3-474359af83d7,snr,db,-5.199999809265137
2022-06-03T19:47:19.335Z,251af5a0-ce1d-11ec-9f5b-45181495093e,100,RSSI,19bd9b80-d300-11ec-8da3-474359af83d7,rssi,dbm,-123
2022-06-03T19:47:19.335Z,251af5a0-ce1d-11ec-9f5b-45181495093e,101,SNR,19cdef30-d300-11ec-8da3-474359af83d7,snr,db,-12.5
2022-06-03T19:47:19.335Z,251af5a0-ce1d-11ec-9f5b-45181495093e,1,GPS (1),19b29f00-d300-11ec-9f5b-45181495093e,motion,d,51
2022-06-03T19:46:29.303Z,251af5a0-ce1d-11ec-9f5b-45181495093e,1,GPS (1),19b29f00-d300-11ec-9f5b-45181495093e,motion,d,41
2022-06-03T19:46:29.303Z,251af5a0-ce1d-11ec-9f5b-45181495093e,101,SNR,19cdef30-d300-11ec-8da3-474359af83d7,snr,db,-1.5
2022-06-03T19:46:29.303Z,251af5a0-ce1d-11ec-9f5b-45181495093e,100,RSSI,19bd9b80-d300-11ec-8da3-474359af83d7,rssi,dbm,-113
2022-06-03T19:46:14.224Z,251af5a0-ce1d-11ec-9f5b-45181495093e,101,SNR,19cdef30-d300-11ec-8da3-474359af83d7,snr,db,-9
2022-06-03T19:46:14.224Z,251af5a0-ce1d-11ec-9f5b-45181495093e,1,GPS (1),19b29f00-d300-11ec-9f5b-45181495093e,motion,d,38
2022-06-03T19:46:14.224Z,251af5a0-ce1d-11ec-9f5b-45181495093e,100,RSSI,19bd9b80-d300-11ec-8da3-474359af83d7,rssi,dbm,-109
2022-06-03T19:45:14.167Z,251af5a0-ce1d-11ec-9f5b-45181495093e,100,RSSI,19bd9b80-d300-11ec-8da3-474359af83d7,rssi,dbm,-111
2022-06-03T19:45:14.167Z,251af5a0-ce1d-11ec-9f5b-45181495093e,101,SNR,19cdef30-d300-11ec-8da3-474359af83d7,snr,db,-13.800000190734863
2022-06-03T19:45:14.167Z,251af5a0-ce1d-11ec-9f5b-45181495093e,1,GPS (1),19b29f00-d300-11ec-9f5b-45181495093e,motion,d,26
2022-06-03T19:44:34.211Z,251af5a0-ce1d-11ec-9f5b-45181495093e,100,RSSI,19bd9b80-d300-11ec-8da3-474359af83d7,rssi,dbm,-117
2022-06-03T19:44:34.211Z,251af5a0-ce1d-11ec-9f5b-45181495093e,101,SNR,19cdef30-d300-11ec-8da3-474359af83d7,snr,db,-3.799999952316284
2022-06-03T19:44:34.211Z,251af5a0-ce1d-11ec-9f5b-45181495093e,1,GPS (1),19b29f00-d300-11ec-9f5b-45181495093e,motion,d,18
2022-06-03T19:43:34.088Z,251af5a0-ce1d-11ec-9f5b-45181495093e,101,SNR,19cdef30-d300-11ec-8da3-474359af83d7,snr,db,-12.800000190734863
2022-06-03T19:43:34.088Z,251af5a0-ce1d-11ec-9f5b-45181495093e,100,RSSI,19bd9b80-d300-11ec-8da3-474359af83d7,rssi,dbm,-108
2022-06-03T19:43:34.088Z,251af5a0-ce1d-11ec-9f5b-45181495093e,1,GPS (1),19b29f00-d300-11ec-9f5b-45181495093e,motion,d,6
